{"Train Loss": 0.28382009267807007, "_timestamp": 1709883271.8843648, "_runtime": 14930.311109781265, "_step": 40172, "Val Loss": 0.4496634602546692, "_wandb": {"runtime": 14929}}